it,loss,R,rmean,rvar,cx,cy,cp,cq
1,1.218849468785157,1.218849248899387,0.938723199374211,0.025771356116974953,-0.00900742450991648,0.0005882743494268521,0.009556677644730626,0.00684922048761348
2,1.2219186508505018,1.2219183319162794,0.9414157988999885,0.02614812671903283,-0.009120461606654922,-0.00439422988593556,0.006107619736095789,0.013377680298996216
3,1.2108258503584426,1.2108255059627175,0.9412511442793169,0.025881642030881377,-0.008717189580485106,-0.009607439759323268,0.0035879165925360953,0.0127690477492582
4,1.2099038194530525,1.2099033748613697,0.9425000782675949,0.026091999024618312,-0.014472028814220873,-0.011209645605375957,-0.0022012824534366924,0.010220742790740254
5,1.2104855241296988,1.2104845854973534,0.9383198125410487,0.02658546222946241,-0.01331071455589525,-0.02282261106469231,-0.0029193674537931744,0.015227270013116486
6,1.210258510388046,1.210256424822858,0.9436883363947777,0.02624341365584096,-0.0048041577638182386,-0.03809841860046635,0.010170402825272125,0.02252459699967963
7,1.210454572475088,1.2104535434932815,0.9370625133268575,0.0265582349303155,-0.0008297127702560753,-0.026326670007825948,0.00034981224509156604,0.018299410413837754
8,1.2092350119407136,1.2092344928465075,0.9402971108130243,0.026992870226892545,-0.0025370343373415758,-0.019269711211000917,-0.0031382279751142523,0.011457411439446251
9,1.2062979064106114,1.2062973120733644,0.9383701319515224,0.026277274279956374,0.003995908106876944,-0.021694500024724714,-0.0024879723249075494,0.010065131051724298
10,1.2064385842450405,1.2064380479148646,0.9404734281665915,0.026348450284932795,-0.0020699231357595334,-0.022824776112563668,-0.0005385994485005655,-0.0032490952948702467
11,1.207201079531553,1.2072006706439125,0.9436030728628414,0.026250634328295844,-0.004003820878561139,-0.01912730664891259,-0.003638131110050324,0.0036785888433340393
12,1.2072083788986314,1.207207493234698,0.9409625899095011,0.026260859631404967,-0.017543152513450195,-0.0219950585099895,-0.005529312145509687,0.007956392108745415
13,1.2091906731363906,1.209189926073825,0.9412532890263219,0.026294871349300707,-0.00846721538604216,-0.025061935969744865,-0.006221592268104237,0.0028830637367113525
14,1.210045552753663,1.2100449894575114,0.9400032593331916,0.026391158710234293,-0.012524515393425379,-0.01969250771702408,0.0024287177955976094,-0.003533427885716726
15,1.2097097228242346,1.2097087696892888,0.9398022875739801,0.026716517090799884,-0.01635859535606672,-0.025550236765011395,-0.0026703650548266992,-0.005032503265717203
16,1.2088829442667557,1.208881272161513,0.9447386894135549,0.026177453449141675,-0.01442026452298027,-0.03711760519866307,-0.0002761970829455699,0.009279178310427025
17,1.2068546580871926,1.2068538496670396,0.9398304279096136,0.02644239079291929,-0.007751236426623943,-0.02667840167238885,0.002142577712367461,0.005633861594816952
18,1.2067548132984474,1.206753724995423,0.9457686081592755,0.026401373935671244,-0.010237977040407145,-0.028040992569734805,0.007160027261215305,0.012068473868894567
19,1.2076667064039004,1.207666147431908,0.9412310912542757,0.026582623086090943,-0.015263022107126555,-0.016751740661146083,-0.003655542080834319,0.005634529594738402
20,1.2082663964421427,1.2082654345299413,0.9406324534535846,0.026637256836115418,-0.009803793658895,-0.02786458010155598,-0.0008045577328740503,0.009403782301493765
21,1.2081440300026707,1.2081433758430844,0.9413400130726559,0.02682203718736261,-0.006998166766699986,-0.02166000160808008,0.008491288941463606,-0.007977403874885013
22,1.207970651604485,1.2079694310485554,0.9422143187295405,0.026475082156968956,-0.0022117394790096417,-0.034127193145408276,0.0066832215978031035,-0.0024577515407968992
23,1.2072733055655473,1.2072722425965585,0.9434998218749161,0.02665541088755567,-0.015335797719768266,-0.026562031447015994,0.0058997094629974585,-0.009334761755177536
24,1.2058057263937665,1.2058046500951956,0.9409857576637123,0.026033681574154977,-0.007158351218077238,-0.030927280116165568,0.008254821363694098,-0.00034376394005432477
25,1.2067121712930557,1.2067110641860694,0.9418972973296577,0.026162259953488,-0.016150978441056774,-0.028309428225811457,0.0006209543509992379,-0.0066439159556572844
26,1.2074726936803062,1.2074714671902274,0.9426566919216496,0.025972996300197705,-0.014921741991922356,-0.02856008816764304,0.005431143526603622,-0.01258378325563658
27,1.2064517042708418,1.2064503752236955,0.9394586913455861,0.026110738354378077,-0.011529354560771822,-0.03019843668545128,0.015861315141944565,0.005682280942905593
28,1.207865947775829,1.2078650828411703,0.9407088209708457,0.02666317480960833,-0.009162610671033841,-0.018896645901295642,0.01659148407002356,-0.012178375234876467
29,1.2065206761158913,1.206519852183437,0.9389772421240795,0.026167203263044746,-0.004682826185754417,-0.01596425921765447,0.023208262385404074,0.002865704992742696
30,1.205754264640722,1.2057535342616585,0.9420846703182689,0.026383694442742307,-0.015844636429681525,-0.019085548571278907,0.009333598382206484,-0.005257308008461536
31,1.2060669802156125,1.2060656627938742,0.9417083359548627,0.02709617288026167,-0.008753784900905202,-0.02971996789357398,0.01881479031355303,0.0017904013391730267
32,1.2072645058304101,1.2072639085829668,0.9384043149434056,0.026575034816478875,-0.016405976780954727,-0.014065234635060968,0.011353309077717503,-0.0010229544597970754
33,1.2052475910027132,1.205246709020033,0.9387402810793195,0.026762785409973178,-0.007026281256277874,-0.028662020593011425,0.0006753117191033834,-0.0032148819379447862
34,1.204420760905203,1.2044192751164946,0.9382072465043405,0.026256153022610577,-0.01535196770607672,-0.03428534673323235,-0.007201182259645093,-0.004738883986936074
35,1.2049865492391405,1.2049857335553915,0.9397389518546588,0.026546446795426355,-0.003727225877551139,-0.027406259493009004,-0.0018670088915751345,-0.006848299455426305
36,1.2050090330287264,1.2050076145545696,0.9386126350416806,0.02678653916056087,-0.02187067497611459,-0.026050438357724786,-0.01593156863499458,-0.002721386854546667
37,1.2063285604526646,1.2063278960225967,0.9395531888397213,0.02638665744065824,-0.010597079387973357,-0.016831159645835973,-0.010177702084711443,-0.012843596109263044
38,1.2081734482083615,1.208173092669028,0.9435534137108764,0.026151433795635847,-0.012429948888632605,-0.01196227299477018,-0.007481560113015062,-0.0012907319754453036
39,1.2058342360460208,1.2058332697495278,0.9392211849935899,0.026861967772836788,-0.010775887325808867,-0.025525064631702985,-0.007601548483722643,-0.011856098263470847
40,1.2059774410125847,1.205977266902831,0.9386100293792441,0.02679886000496038,-0.009944219862887167,-0.006232473994817422,-0.005419739067635682,0.002590398435293916
41,1.2061549295197123,1.2061542570591086,0.943264802780129,0.026527340204778312,-0.007603674853358484,-0.024481242270888253,-0.0037398665701952037,0.0010163437776591628
42,1.2085784634261474,1.2085780953479297,0.9406932956977145,0.026147331650861767,-0.0005154049715907453,-0.01551382753202174,0.003091565484624522,0.010829632669510739
43,1.2067061028511847,1.206705620429773,0.9427638758734977,0.02702963967909978,-0.014824249961939852,0.002054783972907489,0.0031124578246574668,0.015762846803927543
44,1.2060537426303062,1.206053495412373,0.9393318718235499,0.026280687424879035,-0.005039580274276204,-0.007848424230762954,5.638055617018741e-05,0.012646723585587888
45,1.2059420164848762,1.2059415496117751,0.9439810596414405,0.02568181329439426,-0.010453728327926872,-0.012262711670926543,0.0038163221973431718,0.013870069969899585
46,1.2054906102257386,1.2054903336004301,0.936888621182706,0.026042988620782134,-0.00013469210460906802,-0.006143389153270433,0.012195204626481342,0.009479989240426298
47,1.2054969671494133,1.2054966348786627,0.9440854144182816,0.02641429546513034,-0.013002728677431947,0.004242938617180862,0.006176604972795526,0.0103332552664336
48,1.2053778312064416,1.2053774401396928,0.9357575134587656,0.026847729633543232,-0.013515857968272295,-0.0042557751940658604,0.01045242308616329,0.00898632435539403
49,1.205844444378031,1.2058442072043616,0.9399852487455975,0.026492310368080817,-0.006230223217365922,0.011015144183331663,0.008733353519359438,0.0006958136674326495
50,1.2058005279902437,1.205800222614748,0.9370669740480154,0.02671940974836886,-0.013560839354233736,-0.0029972825166382365,0.008744001086597274,0.005980672947535175
51,1.2059759741652532,1.2059757981748571,0.9394862163506772,0.026542409512671384,-0.009724365308097276,0.00855317872081249,0.002791236907695609,0.00045648701220341275
52,1.206268173292623,1.2062680409820596,0.9392959068604847,0.02640406716357492,-0.006027283192840893,-0.003865022273272658,-0.008681162923095466,-0.0023256959559325966
53,1.2054572126859704,1.2054571735839832,0.9402083353957548,0.026181666272293125,0.0005108741965462968,0.002875442768146295,-0.005167580610209771,-0.0018958554960022292
54,1.204563385512168,1.2045631064423723,0.9412730377468995,0.026283894686057407,-0.005397186429925606,0.01558311831035952,-0.0025899764502329485,-0.00034812057904731384
55,1.2059272332084574,1.205927048164236,0.9375094713885468,0.02540449740611916,-0.002563662110238776,0.01325740840700133,0.0004407158926715153,0.0014959144817160688
56,1.2076604235328627,1.207660054327223,0.9404398424813866,0.026174254020063747,-0.0009275869077686896,0.01908129735544482,-0.0015639610909987437,-0.0012321913778682886
57,1.2071783908174458,1.207178010860545,0.9388366451423471,0.026468217586479204,2.5918728310140676e-07,0.018151702074399485,0.002132734310217471,0.0067553952530897835
58,1.2059384388088625,1.2059376411362035,0.9396237709060782,0.02599537475159075,-0.0012291211229266234,0.027699002919601715,-0.0031033579504895423,0.004359305019453077
59,1.204682525165664,1.2046822278288705,0.9413330568685699,0.026334505973122424,-0.011025928761137796,0.005606702471243764,0.006243791485729425,0.01024930203862262
60,1.2061279140654046,1.206127580184269,0.9407345300386537,0.02626129933159743,-0.003787284265265195,0.01683220764776235,-0.0030388499350385545,-0.005164994744262912
61,1.2054868316991232,1.2054865613698995,0.9430668863437958,0.025830736613970156,-0.011978682661348028,0.01103967683887281,-2.7893789986842183e-05,0.0021580526895948753
62,1.2059787479487345,1.2059786346259118,0.9418729332417514,0.025902394650580314,-0.0070556799119268964,0.0058742659450390314,0.0017092254205380926,-0.005079201084561441
63,1.2042007612079022,1.2042000394338392,0.9443789798982255,0.02583607886335255,-0.0031343185871410243,0.014776171929274749,-0.021167136715708308,0.006726640859875288
64,1.203087778112531,1.2030875796217484,0.9380466231652116,0.026099375952408854,-0.003089238702222853,0.010805250232996718,-0.006575208602109081,-0.0053510734991005955
65,1.2033814097989037,1.2033810175239543,0.9399133122527246,0.026545533519091398,0.001392548189243712,0.01402982295292298,-0.011939901920556863,0.007113626748385291
66,1.2047696160279242,1.2047691948017538,0.9385410428214019,0.02641091172491992,-0.005239379562128495,0.01925651485126155,-0.0017618570109773563,0.004417451627031634
67,1.203996767222337,1.2039965219390119,0.9416627221127255,0.026143500064475484,0.003015145167368625,0.013081610784449315,-0.008000208396950677,0.0008412069920481486
68,1.205701287568576,1.2057009418229598,0.9408571872786872,0.02633952807599178,0.0048390662597539635,0.015275711393482574,-0.007176058658054982,-0.006092897398886478
69,1.203726260990837,1.2037258077619117,0.9412865580318036,0.025806817095480345,0.0018840103920009217,0.020659319330029728,-0.003926423572346198,0.0026614649739854805
70,1.2037302435953932,1.2037298780295098,0.9414891632007177,0.02595685387236661,0.003860937861284848,0.015602842184672264,0.0019454817057208966,-0.01015102896037126
71,1.2028849826081618,1.2028847656423005,0.938073684018905,0.02607123513945233,-0.0017003044669699724,0.010695914945270687,-0.00144546049699287,-0.009858483032345386
72,1.203139433296256,1.2031388639665834,0.9405862103550594,0.02638523000805162,0.0003225669485111666,0.015986603519098194,-0.008908761207453392,-0.015293265912326279
73,1.2022271525130994,1.202226968633759,0.9409134180926665,0.02625536351699263,0.007146649484616091,0.0011914778168819614,3.4716163861027385e-05,-0.011444179385279248
74,1.201965668134352,1.2019650209606108,0.9396552000610867,0.02636704730094459,0.005969974816564445,0.021356448441697626,-0.011854886590143273,-0.0038040108634448655
75,1.202427682840445,1.2024274000543937,0.9391623244822158,0.026138382236515486,-0.0007185116898988326,0.014651352624732676,-0.002985081418158644,-0.007632716589526685
76,1.202607982831284,1.202607877036432,0.9370557738931475,0.02613256877729942,0.00595990007782018,0.004119340280135744,-0.005988947561499027,0.004121532239824032
77,1.2036704477842324,1.203670278839658,0.9400824589231039,0.026139671631062317,0.0018198215676695024,0.004908009836952708,-0.010803940837592762,0.0049351011124960245
78,1.2032748810854612,1.203274778244261,0.9371795565184796,0.02581639010255286,0.007159542884947314,-0.004267271586003023,-0.002568560762744774,0.005128171091301099
79,1.2030523917942264,1.2030518557812873,0.9390884996409417,0.02604528120193335,0.012263493821726645,0.019175560311825355,0.0015320299095103445,-0.0038834464343923325
80,1.2034151178927575,1.2034147324432847,0.9393680785133705,0.026296222186717774,0.007891576804848227,0.014972115735227779,-0.005314294555096123,0.008382400936359016
81,1.2033605681557769,1.203360264021712,0.9385986643420423,0.02612493177106569,0.008103511034757881,0.014878463295768305,-0.0033258601930055438,-0.0023500241971727885
82,1.20355057415803,1.2035504889835449,0.9436433052107538,0.025757320104573305,-0.0015209360953491189,0.0021621865928286,0.00880236713850215,-0.00042183427983934506
83,1.2034827289239327,1.2034827081232347,0.9401665801283069,0.02530367352099635,-0.002851444579251923,0.0018948051441314148,0.001249844746253273,0.0026405543430512114
84,1.2010849905140561,1.2010847231542885,0.9383433753439061,0.026394982352247107,0.0048088905676683755,-0.008293627006555919,0.010456115306020137,0.008096383766929477
85,1.2042194673735105,1.2042191441431134,0.9429499125419812,0.02538903013619128,0.001111207644311397,0.002455911522172789,0.016711046003224428,0.006009190563799885
86,1.2048917984791712,1.2048915454860607,0.939914785485497,0.026260671700135418,-0.007355489936641599,0.002909590693573054,0.012270841307009162,0.0062631822757363885
87,1.2044313140526743,1.2044307253045758,0.9416985465032537,0.025974588007591518,-0.006149989172923066,-0.0039322299642208505,0.01746826003255136,0.015154874203818986
88,1.205967471377795,1.2059671256586415,0.944076768964157,0.02632085507175621,-0.000872116536142471,-0.004161207022506691,0.017055160939139224,0.006006705371794008
89,1.2054074558938002,1.2054063209509416,0.9395541421716272,0.026425742434929258,-0.01579229634317456,-0.021385249562541377,0.020666363570913237,0.0006368708804674649
90,1.2064005793509054,1.2064000538313495,0.940322541398985,0.02626575213911997,-0.005285490663459578,-0.001842864307018092,0.021846928749064656,0.004019523587434749
91,1.204103094799744,1.2041029420229232,0.940325037745842,0.026134801100533026,-0.007432268972380598,-0.005530674068927876,0.004273840131289502,0.0069221269145509435
92,1.2057206218806453,1.2057202937978004,0.9398493433749612,0.02659774011902534,-0.008506451008451488,-0.01165655910870271,-0.008736683244551803,0.006536193664313926
93,1.206320437110214,1.20631979715193,0.937300156632118,0.026501153911841793,-0.014192051543286918,-0.019929389609319864,-0.0027436319652868186,-0.005745484511799863
94,1.207435183048332,1.2074339109675012,0.9397848731302727,0.0269229229055637,-0.019127615014586694,-0.028656535605094135,-0.0068859330280635475,-0.006061974679569786
95,1.2073562121895778,1.2073557133622383,0.9399458336532734,0.0263928701506134,-0.010680199858992068,-0.017050741007633125,-0.007444935453393498,-0.006141881086169346
96,1.2077969144235503,1.2077959727163181,0.9380344777843408,0.026676932244846047,-0.01108071965791358,-0.026218387142129138,-0.003452860883455539,-0.01089437643624979
97,1.207904126875976,1.207902642438038,0.9410419802737997,0.026846307574136592,-0.016808202965978958,-0.026119073470221972,-0.006017980915291024,-0.021967262372312467
98,1.207984525677528,1.207983790316306,0.9379936259202335,0.026139731621809485,-0.021064056200715185,-0.015341613251944906,-0.006331529241705417,-0.0039046464944698296
99,1.2084084072109214,1.2084077297134441,0.9399224576273818,0.02631407596984829,-0.005207771443929497,-0.021334097252540034,0.004010840126450251,-0.013347383608713553
100,1.208552817879791,1.2085508639825424,0.943506211207613,0.02618815660605556,-0.02276638397844768,-0.029142278513634573,0.009925624120274692,-0.02206309069004976
101,1.208976428121934,1.2089733312428412,0.9404316445714709,0.02654887458248226,-0.019704932750198963,-0.044886613366814834,0.018062555887281895,-0.019143841196036075
102,1.2088737993475893,1.2088729566273957,0.9410229054467296,0.026557975258643562,-0.011995821015245345,-0.024533174451353536,0.006537369917498645,-0.0072896803194481994
103,1.208529275339118,1.2085284974487083,0.9385280963657345,0.026985641518578803,-0.014504296672847241,-0.022910521775685994,0.006248027113036012,-0.001579724845154121
104,1.2070307321361198,1.2070298113662643,0.9423961170510781,0.026536689368840786,-0.018820066595361822,-0.021857352803073476,0.0071267000854379915,0.006076809915338457
105,1.2064881725776557,1.2064857351700686,0.9428994530113443,0.02645794374082319,-0.019789156387348687,-0.04251303498875232,0.012793171032368872,-0.008581175193719408
106,1.2054898993723362,1.205488956717799,0.9396944263954686,0.02617267316815466,-0.01960575741494548,-0.019917119530084675,0.012662846158408557,-0.00026261318809033175
107,1.2047460098222336,1.204744294455959,0.9432988674149583,0.02630818572883598,-0.011725731434873335,-0.03913246507360394,0.005343773457200278,0.004096768960515826
108,1.2032128829657704,1.2032108959290424,0.9396136815753171,0.025976108600890845,-0.015119195071033951,-0.04026019070385181,0.003949494441874175,0.010988942192221494
109,1.2035421850776329,1.203541228480573,0.944796531612077,0.02554168219829162,-0.01678948795766663,-0.02245939713174411,0.0012278630587530775,0.012943899759538122
110,1.202209557254443,1.2022084172142,0.9403752174195424,0.026059506458599523,-0.006895141181283331,-0.02622433293149182,-0.0023664515801476447,0.019948132794803817
111,1.2018230251737962,1.2018221274328431,0.9381110422258141,0.026379918802524608,-0.01889657448583019,-0.020383070431585295,-0.0016475754252210184,0.011009187337451735
112,1.1995654389484163,1.1995642267110083,0.9439104780826607,0.026067630913390757,-0.013103036917685282,-0.03182690591989895,0.004601575761674475,0.002263981011738226
113,1.1976026105074011,1.1976022317524755,0.9376248806707241,0.026080955975464823,-0.009538116696810978,-0.01671551041060837,0.002619331097504656,-0.0004361306382929347
114,1.1991825676838448,1.1991822837061434,0.9399754416939247,0.025796460362608204,-0.0033652604874298882,-0.01548088337917926,0.0025848391291360463,-0.004996690435546144
115,1.1975235667775819,1.1975233893284933,0.9377780757884945,0.026334456527897582,-0.0046220109600847836,-0.012240478037168993,-0.00117170671389738,0.001871794853782158
116,1.199614098129531,1.199612714551612,0.9356872072294931,0.025190997012220984,-0.007126831581144795,-0.031141254788929235,0.010764784653670655,-0.01567515651664733
117,1.1971399852946438,1.197138948183245,0.9416674879487115,0.02526656395073726,-0.006270478483926278,-0.026368416352584044,0.006461818894152192,-0.016102640786663906
118,1.1986147890497125,1.1986130705703912,0.9370922174779048,0.02509963592666306,-0.0008114087652271943,-0.03836330468157703,-0.004319729251179394,-0.015031344222398454
119,1.1955217828987883,1.195521280293355,0.938270407285025,0.025512592439282437,-0.005916481666708743,-0.021237670784635086,-0.0029872528802951047,0.0024764632771298264
120,1.1957637764803306,1.1957635835470184,0.9379624597554106,0.025578005769896862,-0.003530447624156295,-0.010841581741953226,-0.004507702288492893,-0.006408716833718509
121,1.1954663153026168,1.1954659910249557,0.9371818681416934,0.025664399136002675,-0.0024531211089619848,-0.015754605526256443,-0.003974220243222116,0.007258362115246418
122,1.1957868416918875,1.195785994975425,0.9413165941964023,0.025357507980327643,-0.007122599406379019,-0.026240052176789277,-0.010282866109341387,0.0003009248973353339
123,1.1966999486127596,1.1966995666100857,0.9396373364609365,0.02522764864925955,0.0018064010318926194,-0.018870725997278986,-0.0009387269645129497,0.0044819793062421676
124,1.1989595369587225,1.198958938837118,0.9420312928489031,0.025160343415543258,-0.0020162185711135408,-0.0160934517060517,0.01581562931323916,0.0091216178241774
125,1.1986327872113947,1.198632717087643,0.9381881295454584,0.025445547830255467,0.002488888949018398,-0.006522187760649642,-0.0013234050973842198,0.004227947307471693
126,1.2010810652677817,1.201080536205826,0.9371492838744043,0.02531050859148104,-0.009578930801046832,-0.00965684390583358,-0.0036373318206375784,0.018138648049080174
127,1.2040738579340484,1.204073054333437,0.940943443871106,0.02544505000964016,-0.010681036139212742,-0.011969753617564829,0.017921081903376036,0.014940397855998204
128,1.2046826208696055,1.2046816307050687,0.9388043390741507,0.02518468736192841,-0.00881918209668845,-0.023384268841621054,0.013730706281703474,0.013233078002708714
129,1.204784907504338,1.2047844012307058,0.9442900155221055,0.025532993532877774,-0.0010950422161232608,-0.015894664806615874,-0.0007559407408196676,0.015807930291583897
130,1.201708377917982,1.201707481413913,0.936715281496971,0.02595022153212359,-0.018818566900883297,-0.006079662929527122,0.004308370825963779,0.022018382327682103
131,1.2064274126887027,1.2064266052136938,0.941037322097702,0.02570881979492027,-0.021388764847821182,-0.008793452569582152,-0.003971941215840053,0.015962430686251826
132,1.2111921482993981,1.2111908204741544,0.9392030811639558,0.025602929704224883,-0.023700103057854676,-0.0172933014625863,-0.0052501046837831735,0.020912903489287808
133,1.2147955378928,1.21479447949225,0.9374276221515648,0.025994581074954785,-0.021410478895658683,-0.021709546962230188,-0.011127065521131812,-0.0016294340662770738
134,1.2200041140702915,1.2200023995395755,0.9390232462034876,0.025548817502896583,-0.022015235972793108,-0.03403865322664206,-0.006507390538085296,0.0051577684289021075
135,1.2227239275948885,1.2227230517772203,0.9396872374580321,0.025436699016767202,-0.018468818436492406,-0.017977118126857126,-0.005883970468288636,0.013212874530961446
136,1.2227364385552915,1.2227355964484148,0.938570456465307,0.025638887960904785,-0.019273369750916876,-0.014343919679618613,-0.008935939851769123,0.013514513162442048
137,1.2213675439283698,1.2213661572156511,0.9410633619067852,0.026233203587311404,-0.027090104027575838,-0.01054984385694546,-0.020630097789886587,0.010652475524293494
138,1.2180902092574435,1.2180896048243721,0.9394293899386995,0.026281447293169512,-0.022086899767319135,-0.010477381050390018,-0.0012302235964297026,0.0016692764870096385
139,1.2177850093334128,1.2177841341812015,0.9412647786629192,0.02589780733159417,-0.021160823084122322,-0.007570147687569123,-0.01546095159449264,0.011332865844653246
140,1.216365492440221,1.2163650491834135,0.9336718800616294,0.026606195869467154,-0.005206870911061136,-0.0006025946741820902,-0.018189055128882105,0.009071243862828557
141,1.2195639986299645,1.2195630130994584,0.9415431759645693,0.025543267158358664,-0.019687674338406017,-0.0034848393728629202,-0.022712856704209167,0.008197056949588163
142,1.223219995615819,1.2232193519926204,0.9427454827504013,0.026752271351780613,-0.006052090785169298,0.003316324526277827,-0.023007445527615866,0.007992536890917239
143,1.2271550706117778,1.2271543879953994,0.9395629406676343,0.026567858597087175,-0.01720384864935386,0.006470381924307479,-0.017528077647668762,0.005892042805318785
144,1.235480327803894,1.235480111542603,0.9419241260441573,0.026356156358514408,-0.0029254871845215196,0.012999251334367353,1.7965288030747929e-06,0.0059864106813101925
145,1.2465684060866495,1.2465679341463232,0.940452217937222,0.026613154796979552,-0.010133987817009863,0.002399063694060312,0.0021393992364391753,0.018867037394867878
146,1.2571461876479715,1.2571456471715539,0.9391258327218079,0.026829262831050717,-0.008065189481069638,0.006747218970136734,0.004504879392409727,0.02016442300523348
147,1.2611171138897117,1.2611160176083993,0.9432504447439002,0.027138776878266078,-0.005889117287420959,-0.006468025749812189,0.010462528587639472,0.030120278201064537
148,1.2582273987286787,1.2582267987082514,0.9407966152134095,0.02713690611144484,-0.01792772435724214,0.002256740104772658,0.007487029072145865,0.014640033112257663
149,1.2486932425983723,1.2486923134862726,0.9448404634977017,0.02682205848381192,-0.019729019922256688,0.0030731861329412143,0.017671100123741852,0.014661049187851664
150,1.2506590130768405,1.250658353744982,0.9480827233323198,0.026735819986987982,-0.017251015303975086,0.0024665759358812873,-0.0011696503062095934,0.018734159640281207
151,1.250329195207304,1.25032792651308,0.9422703228055432,0.02733528540934982,-0.028715633043663275,-0.016803014523866164,0.009250046506962735,0.008532172297963382
152,1.245905767945282,1.2459041311214114,0.9441852198641424,0.027678697061222224,-0.030075161286174573,-0.02681386178099955,0.0016622609567103937,0.0026589293275841495
153,1.2423174818072946,1.2423164089078862,0.9431574357767467,0.027336706720336845,-0.02246070011716256,-0.0170733661935293,0.012635077946512351,0.010662659565306072
154,1.23635716960125,1.23635520305841,0.9479118887768544,0.02657166884495538,-0.0379706017621999,-0.02041178140007243,0.008709539707028476,-0.005349118685624729
155,1.232511174431886,1.232510222504165,0.9414810292389056,0.02758930635698551,-0.02485083160325242,-0.013947545809221126,0.01091391959989034,-0.004118455748269549
156,1.2290581819201416,1.2290573040017867,0.9469151649633557,0.027471217323836603,-0.024448827256111447,-0.007780415141110782,0.014288631463308625,-0.003410174301500824
157,1.2307940051535071,1.230793309636578,0.9464537230947299,0.027210927734065176,-0.01798118648403393,-0.007296160484459506,0.005804695126653966,-0.016773002405850515
158,1.2272194939989367,1.2272185614590843,0.9412207067151102,0.027535812402384945,-0.016223496144428546,-0.02429433899638849,-0.002288405705197565,-0.008360536470752957
159,1.2213065268959487,1.2213057474282891,0.9469527750522849,0.026595104202907435,-0.018971505888899363,-0.014687690785748962,0.005357871548710911,-0.013079415154651632
160,1.219011723984567,1.2190111174875133,0.9432429750427703,0.027246586522387744,-0.02184376889544444,0.00017963626299644632,0.01115830176861254,-0.0008329961785746391
161,1.2170123497416951,1.2170114674603163,0.9388204331782777,0.02653783149931065,-0.01445705131994843,-0.025716547847267256,0.0027593532213876894,-0.0003479864521603654
162,1.2159977814476757,1.2159964415751874,0.9412199363304141,0.026181598102346607,-0.027263622466443736,-0.017951493916855396,0.015091266344905395,0.006500424317431838
163,1.2122249182382618,1.212223584122509,0.9403442440799904,0.02664934577886527,-0.026417298549405853,-0.02133879410652453,0.004110652535181765,0.012631251868722855
164,1.2084774920117711,1.2084752730253974,0.9402498180341857,0.026813525862457225,-0.029885793439593952,-0.024838840890240684,0.013596674259564645,0.022789672707941473
165,1.209394155684323,1.209390940900856,0.9431321416533983,0.02628536756610977,-0.03724258372387521,-0.030017181376194812,0.0011241122987742228,0.03034280010807025
166,1.2122716881963138,1.2122692884616422,0.9403158278922616,0.026979875172388413,-0.03922402806474482,-0.026193832685262465,-0.003887163754878705,0.012450016499141606
167,1.1974990510591355,1.1974973280322954,0.9414259907944418,0.026101506068401274,-0.029602284108490723,-0.02673714367921106,0.004335214833430609,0.010394169290862018
168,1.196160024253542,1.1961588316728278,0.9376897602619607,0.025657831364051902,-0.029640637964433645,-0.011644964211622635,-0.012981012003275368,0.002193430704098425
169,1.1942861578129358,1.1942837341477457,0.9389373091403946,0.025464089956493192,-0.03453476214598993,-0.02821480492491163,-0.018891646413811962,0.008536025985970749
170,1.1964488513853613,1.1964477149812318,0.937681575312706,0.025331659914915733,-0.025428970533740918,-0.007326744933012971,-0.020182725276171338,-0.004843646607801467
171,1.197514900256768,1.197513486459236,0.9432600595901579,0.02496499527838116,-0.02450170048065172,-0.0021008091468404117,-0.025487433897289077,-0.012411402393352077
172,1.1979504562487884,1.1979481925914894,0.9398187838419969,0.025491731696636644,-0.02816794095861883,-0.02252307589378433,-0.02850236949148466,-0.012043174922284777
173,1.2031237068189966,1.2031227047160216,0.9422766965540149,0.02592395738021899,-0.021570145174508185,-0.002047237674414306,-0.015487191563246553,-0.016945832758864188
174,1.205235594748333,1.2052345923969556,0.939757999479645,0.02621378164634126,-0.017679924004852257,0.0038496372794221286,-0.020553913485209036,-0.01570838162571962
175,1.2022281682013045,1.202227346708874,0.9374650108506066,0.02542842660540895,-0.018371970627785384,-0.00505478609061914,-0.019914971164804764,-0.00748107886283515
176,1.1988215172209196,1.1988200122280726,0.9402866371540337,0.02555940521580498,-0.017859361582576224,0.011195320107285852,-0.03220720928980599,0.004177814769041599
177,1.1980624498807606,1.1980608989583779,0.9369198776710927,0.025096942113109966,-0.021600959410363354,0.006002358011103098,-0.030536305953208772,-0.010477753893639384
178,1.1967939499294415,1.1967934234198476,0.9365184440512673,0.02503033044941671,-0.013643326158414956,0.00035580496990452116,-0.018262099454049198,-0.0007718554270170041
179,1.1952851168047667,1.1952840821284803,0.9358801277671894,0.024935619345295274,-0.017454853186670866,0.010736721359995873,-0.02370109950500076,0.006837001744014768
180,1.1959402560050711,1.1959391324494473,0.937054786302708,0.024578850791325234,-0.01814830809407825,-0.0010346410857335962,-0.025389782442785454,0.011922477415167667
181,1.1954416842221027,1.1954405873382143,0.937719188852856,0.024384290099975003,-0.015381375839078905,0.009743087124942316,-0.024130156253206296,0.013291781203874345
182,1.1952200852566315,1.195219296847936,0.9364785406430037,0.024671021324102194,-0.011561170383046108,0.008369335220365298,-0.023983268334705665,0.0017253633353767318
183,1.1951940114431294,1.195192595815919,0.9391466811739225,0.02469443554838434,-0.02039667090444493,0.01589268293726902,-0.01356667879330709,0.023587053338819747
184,1.1951141782621955,1.1951133368180407,0.9373625182292465,0.024792869210624152,-0.013774117178484062,0.016275613714033365,-0.016840360904628093,0.00982395742145535
185,1.194423227712613,1.1944224129238272,0.9397522588092811,0.02477735652463061,-0.009910562491300463,0.014150596558187222,-0.022540904592616158,-0.0011964472064172043
186,1.1940904519455149,1.1940891126139748,0.9380791344354722,0.024605203119535957,-0.013358069253466132,0.022101527010467147,-0.01923702483970966,0.017188809516036012
187,1.1964085370169877,1.1964072684125735,0.940307977788708,0.024899039985794,-0.00911017333181197,0.02258991545521442,-0.025179976448865195,0.0058553568109913365
188,1.1969581879308886,1.1969572847350298,0.9433947480616177,0.02450947173875366,-0.009541862662507583,0.008969533440468608,-0.0245955619578943,0.01093961283464632
189,1.196930226305063,1.1969292588342353,0.9382259525675264,0.02564016379711244,-0.013743765667909656,0.015894736157888063,-0.02234307336120515,0.004421968840843172
190,1.1973077931836544,1.1973064901444355,0.9395638859625179,0.025114832890940044,-0.010746580423929118,0.020231678429205223,-0.019350982893945223,0.019912646562708816
191,1.1956306254581024,1.195629870065775,0.938832881161615,0.02488409987878177,-0.010791001846870965,0.009648569487699498,-0.02312262339280836,0.001963270867165349
192,1.1915799225984753,1.1915794862764089,0.939043443787667,0.02484770203549767,-0.004688756072636503,0.0003901502451092475,-0.01910386911553911,0.006465136932145336
193,1.1861207989578912,1.1861195719334705,0.9349987189297074,0.02488854916219681,-0.013463579846666941,0.025945626358519235,-0.01909348999988474,-0.0007067488513183212
194,1.1866477301833307,1.1866465347644197,0.9392118397207349,0.02433459231707686,-0.009959072795801528,0.025993894980974805,-0.016719541520685215,0.011549758191017029
195,1.1865389788318799,1.186537544926786,0.9354820191236413,0.024338299225514382,-0.01655262899150053,0.024687103302187173,-0.023273260496050142,0.0010524515350777103
196,1.1859279435433216,1.185926160039458,0.9339322908579754,0.02480617807037542,-0.017838007518330264,0.015013470718412136,-0.035097653887182646,-0.0005000442117162435
197,1.188653317969296,1.1886505432619114,0.9371976102848933,0.02467961850881168,-0.013262710532970231,0.04144010041156572,-0.025186600123091363,0.015467700769283025
198,1.1866535766385164,1.186651258382074,0.9369337513216394,0.024870136357921468,-0.013707501901788115,0.029264107326164066,-0.03551586409029182,-0.0021432451120775983
199,1.1834903861701234,1.1834882316043385,0.9371282892911837,0.024240755336658402,-0.004354067460734276,0.029116963085704405,-0.03469579344208327,0.00871365753199934
200,1.1828825334857942,1.1828808219438627,0.9370508584152807,0.023982221959798503,-0.012309593896461251,0.02168937649184005,-0.03207782104025934,0.007240527069654379
201,1.1795715470699442,1.1795698027114032,0.9350948869261564,0.02433359503955514,-0.004273876846332163,0.02204283441397159,-0.03401922908107111,0.008638461053260067
202,1.1749570542773196,1.174955974759664,0.9357841880614207,0.024595612579841553,-0.004341431733649945,0.011090984518845909,-0.026466477272618222,-0.015126169944689
203,1.1765539259993123,1.1765531231134085,0.9344195131063728,0.024234889775585335,0.0024100602474666174,0.00649277757038762,-0.018520406843332657,-0.020085387345802903
204,1.1726377631810543,1.1726368710095978,0.9389257100073325,0.024196023909991766,-0.005513438701600156,0.016948461453659556,-0.015835868435039913,-0.017752478070633813
205,1.1758902680176357,1.1758896793166498,0.9328903639444757,0.0244957262929785,0.0023058907528092807,0.010293337890640462,-0.017332798087790906,-0.012972867252108373
206,1.180825428292696,1.1808244124446023,0.939590550722762,0.024031434399265323,0.003554990053497401,0.00712257774810439,-0.012502002813337583,-0.028060012672659097
207,1.181216180829154,1.1812153504476777,0.9436187350242738,0.023855372851219865,0.005382306714407453,0.012259270140824036,-0.008845610189541386,-0.023747948141629546
208,1.1771697587804257,1.1771689421885514,0.9364678628801408,0.02476597051456119,0.0008030122434087541,0.022127311057424947,-0.007340319355289668,-0.016230857582904858
209,1.1721566750695935,1.1721554852555855,0.9387298201064224,0.024420514474550663,-0.0052100394991398385,0.01972368980822951,-0.005867368196912307,-0.027020555231944285
210,1.1737623388598637,1.1737605038754573,0.9375047743005945,0.02447655910035852,-0.011121921170583618,0.03301360238370665,-0.011890945839820465,-0.021697245483175764
211,1.1785837842738398,1.178582813577389,0.9423117088742798,0.024582167668071756,-0.015799075664325073,0.024721326090585014,-0.006026298339789266,-0.008016263139924982
212,1.194741506458094,1.1947400690749188,0.9386984042876871,0.025152448238606108,-0.01905027590535868,0.026662430475187213,-0.01161701459694724,-0.014803371992739692
213,1.2054277235904303,1.2054262027845704,0.9356461412892602,0.024391846889692967,-0.025338505757557035,0.015950832886824876,-0.019685173681672937,-0.015074144847528535
214,1.2062385314182404,1.2062375522575326,0.9406144172731556,0.024864665108692275,-0.016667389171402723,0.019855955615966227,-0.013351553994582484,-0.010914832062757642
215,1.2006984474491262,1.2006975592366567,0.9385722961244325,0.024864690697275375,-0.01894298522546107,0.01891870815598316,-0.011624208880038466,0.005150952016379099
216,1.194252479070165,1.194251584547373,0.941533982235145,0.025050384430702254,-0.015935859436013174,0.015208477847485241,-0.015018928225427615,0.013182914760301465
217,1.2017948599678552,1.2017946094790102,0.9383402611776921,0.025157970931189284,-0.010164008660147033,0.009711596406503726,-0.006466302768321294,-0.0010042779294844627
218,1.2030183413771691,1.2030181960767665,0.9364906767859505,0.02594779903019808,0.002064917076658465,0.009890242497406432,0.0053676932452295795,-0.0020561436021424837
219,1.2056449822742694,1.2056448315006736,0.938981490681674,0.026195405196024042,-0.010626698656096134,0.0015364269295949312,0.005005156158405976,0.0003353913076182096
220,1.2167357885617527,1.2167351719899757,0.9404113120867275,0.02575699642195792,-0.008838357239300118,0.0063966134300315666,0.02015272212190686,-0.008996166371375304
221,1.2280586144776386,1.2280577592524073,0.9427392874463036,0.026136710249672585,-0.010118689542208813,-0.0002805254043572972,0.013501362538223819,-0.023660831121196078
222,1.2386299459294807,1.2386289641757,0.9402101538018365,0.026467003227353212,-0.009566356543363515,0.001318165815239329,0.018181380131561734,-0.023390910119388555
223,1.245644960961604,1.245642553408616,0.9429398807475396,0.027194364488888227,-0.01147532340762901,0.00751784823546233,0.015318950176446964,-0.04442642548667467
224,1.2517015886412994,1.2516996818376667,0.9466435985787232,0.026509923811524363,-0.014996127698875511,0.006156144716503725,0.008520775036000032,-0.03950025239793703
225,1.256066025538413,1.256063918990049,0.9450776121219492,0.027194412601542373,-0.01524143614873257,0.0010262044908209292,0.007032964567180507,-0.042572357097643544
226,1.2599375958785899,1.259936170408903,0.9443237396422052,0.027929335403693432,-0.021481856423678704,0.006511864332123151,0.010298459665665954,-0.02835540484304316
227,1.2657316765162978,1.2657306317606072,0.9498993778783613,0.028114070072818274,-0.01270441958773146,0.012284630572751025,-0.0022569317898703976,-0.02675166194736343
228,1.2734369413053732,1.2734344927220682,0.9476096068578771,0.027987665167228473,-0.026167631979105484,0.0216740434915489,-0.014156737067177455,-0.03289056263570948
229,1.2783439371119418,1.2783423145404842,0.9443301999772244,0.027250822213399733,-0.023404508353029846,0.012381726536004452,-0.010465888424973736,-0.02828249607602682
230,1.277712315583144,1.2777109040178294,0.9501935566392125,0.02841470822582704,-0.022157839827995417,0.01227694944245724,-0.024465370726748717,-0.012611779990168036
231,1.2816120346777935,1.2816101906321815,0.9447036153455289,0.028300027122616152,-0.030625155287995958,0.019367176333912065,-0.02089022389874215,-0.009065111044354804
232,1.2899607500907493,1.2899579944452368,0.9467564316048704,0.027547255779705872,-0.026627260198684364,0.022091374454865795,-0.0364530588638328,-0.01473335820278145
233,1.2954582944176416,1.2954551469827713,0.9465137240532427,0.027421741268501543,-0.039299112883969846,0.015531099428173335,-0.036682706657669664,0.001799722556037416
234,1.3025965080221924,1.3025934849592902,0.9463614979285134,0.027231728588858688,-0.030348529787768218,0.01573511038338719,-0.040579875746729624,-0.013947713881827107
235,1.3056929024110733,1.3056893341735563,0.9407053914465482,0.027548412875881875,-0.042769653130613546,0.029125123678257456,-0.02960215644535327,-0.001016307050263639
236,1.304899493496441,1.304896590655907,0.9480416912489082,0.02715300314540019,-0.03497848271388811,0.02209763215502584,-0.03414428262940432,0.003402718235374214
237,1.302950661596087,1.302948512491223,0.9447063732867914,0.026821416411306007,-0.037273964814920985,0.005217810309270161,-0.02305894131604032,0.013673133404018848
238,1.2969146568117995,1.2969128796165772,0.9408681467465154,0.02719758595845504,-0.033101549684507896,0.016298853166113677,-0.01996697280277645,0.0017474499014332448
239,1.2858163853760411,1.2858134870922955,0.9453520942898543,0.026320640129024325,-0.03704633943829265,0.027343166101728645,-0.02017772432693888,-0.01888712064058315
240,1.26893322851605,1.2689309251860577,0.9423445133988477,0.026040164768910842,-0.03690156452624869,0.02050898880991695,-0.009072716790547334,-0.0205931012971541
241,1.245111262332867,1.2451094519651336,0.9379983638481941,0.02541154670243477,-0.02294214995194545,0.02277139730192079,-0.014373609415639197,-0.023324219410121475
242,1.2264654328461033,1.2264632872380157,0.9397168841669924,0.0248321050690975,-0.027382248711910088,0.011550888583720479,-0.0019263945641046394,-0.035263651063542095
243,1.2325163023736352,1.2325147327831416,0.9379485627238685,0.023905387060129124,-0.009599681024541647,0.006938198420324596,-0.012082025317569519,-0.03560727390053093
244,1.1961259754690783,1.1961245963066212,0.939362228571703,0.022745826934586905,-0.009200061684665608,-0.007523401045923113,-0.015011668002265945,-0.03157291969136709
245,1.1998782406601276,1.199874477219289,0.9316830739943377,0.023124363364371712,-0.005547243988329228,0.0028437252160516107,0.0044035212021868424,-0.06073862143650086
246,1.208551250920571,1.2085464589936565,0.938569794313893,0.02189040883909112,-0.016173702670626577,0.017100929969868315,0.0071251740448860165,-0.06458190914103841
247,1.199580590094533,1.1995772231192185,0.9342881927808718,0.02141196157350413,0.0005270388397126832,0.012603708181390049,0.008277168732169222,-0.055881500084471014
248,1.1922450532618754,1.1922427168551142,0.9272832735075844,0.021696676243132724,-0.014791617210504038,-0.009295809277658725,-0.004774624946530276,-0.044626701993222544
249,1.1637093288225135,1.163707004411821,0.9324741897100767,0.020283981333920086,-0.004980430123865669,0.0010675901719232725,-0.01053141641573903,-0.04658793302079177
250,1.156188299808266,1.1561854028588692,0.9281548115378291,0.02012619583582068,-0.007903663957958012,0.004491374953759435,-0.018301133849179283,-0.04961856048253323
251,1.1608011429751184,1.1607991839140157,0.9298704363144775,0.01971342982801267,-0.004110137334687882,0.005934082394096251,-0.015262881686242184,-0.040698570277217724
252,1.140495156772208,1.14049320308725,0.9287084366070293,0.01954335402854566,-0.006336459635071151,0.007839200477041511,-0.016388893818849185,-0.039568564892605164
253,1.1377084573959266,1.1377067311476663,0.9257387264061805,0.019365144896542123,-0.015601884817506477,0.004263081687057363,-0.013404554024377676,-0.03559458940116166
254,1.1319316203140397,1.1319307759750727,0.9244306395520706,0.018763304703570686,-0.012235566013777467,0.00802781844423984,-0.015406500048199753,-0.01935562821838151
255,1.1265234444294412,1.126522628138188,0.9223049805167371,0.019065285331240824,-0.009944488942851838,-0.010482122311402824,-0.023908892981420498,-0.004185603487123435
256,1.1266015798494136,1.1266009783720043,0.92488058219842,0.018512150970653334,-0.010837687410430022,-0.00680729826334908,-0.016374813205471777,-0.012288938519302173
257,1.131402282930972,1.1314015002218967,0.9236696074402251,0.01862238206700285,-0.017181625776694357,0.005279013395275734,-0.016103424283342018,-0.013476105165834728
258,1.1371375594034374,1.1371372413300005,0.9245096787229998,0.018252206444019873,-0.006672173000997209,0.0035786607534634214,-0.009853015917215064,-0.012032691707578409
259,1.131349687877906,1.1313489578881006,0.9272480273777405,0.01826969775811517,-0.02028224347843377,-0.00588911813325781,-0.012834493893033665,-0.010009004228209873
260,1.135586679165609,1.135586309486448,0.9217766117794581,0.018506679311805444,-0.01299243751273184,0.0018315339680370617,-0.008311517358812186,-0.010453157599253122
261,1.1278266430577268,1.1278257768443378,0.9275612826191987,0.017788960715524833,-0.021323474048911804,0.015097115578294198,-0.00909860160014552,-0.009029080926818554
262,1.1500690608609792,1.1500685195427052,0.9254182471423535,0.017862684221609422,-0.012748125270413538,0.01188382558777622,-0.006881010718903286,-0.013070358571611982
263,1.1436623515373707,1.1436619347869459,0.9253371957752757,0.017421973544802537,-0.01698266616137183,0.0018455654550973198,-0.005108106785392721,-0.008906803997620708
264,1.1247357289711153,1.124735330478062,0.9302418318504039,0.017656303082094947,-0.008465438719826579,0.01203733455146331,-0.004928792347407281,-0.0117474493832342
265,1.1255960419686821,1.1255958438056448,0.9272823419021595,0.01725058325943674,-0.011831726723432894,0.004303251948433454,-0.0013658322794066961,-0.004243901909117857
266,1.1330878634094808,1.1330875316485771,0.929590089253542,0.01770564518877483,-0.008769579662568541,-0.0032407928915445913,-0.010902541575566844,0.01027397814571763
267,1.1326925438064768,1.1326916893744197,0.9289260542244229,0.01717161079915353,-0.0038182621389105027,-0.011609193888239933,-0.020534444893703374,0.016228166395434583
268,1.128843265025505,1.128842367475095,0.9284418960489902,0.017103405763928207,-0.008426156903462356,-0.019249835945414073,-0.014559411976441259,0.014961441923731016
269,1.1402758899914687,1.1402745555666254,0.9241990329318346,0.01746401368609934,-0.009149823386640075,-0.012941941041424964,-0.026723271517761386,0.018675861967357203
270,1.130416048409858,1.1304137271984827,0.9287613897275886,0.017487599996548652,-0.007056702335021991,-0.0103822674714494,-0.034593870142033835,0.030764461807852042
271,1.1304274276675812,1.1304261195354228,0.9266907290678001,0.017312303780884993,-0.00997117236764986,-0.006822208334204018,-0.02959053091788836,0.01630899225065963
272,1.1282803529964962,1.1282790359635757,0.9280920567163159,0.017350300209729667,-0.008229951259824739,-0.009373961044768897,-0.031247959702272395,0.01281737334352628
273,1.1230536817626295,1.1230522318002951,0.9236899536706074,0.017218458123686674,-0.010999848110428046,-0.02020388174673069,-0.029331499500646827,0.006293986279998592
274,1.1193653457737334,1.1193642716298082,0.9265443441613421,0.017311195645737503,-0.013008807073797887,-0.016554148175044813,-0.024328295678615962,0.004251825264427126
275,1.1214528705371847,1.1214523756781785,0.9220594846559002,0.016956658482459013,0.004010389637609459,-0.013075437466775123,-0.010584217635269927,-0.0132187031526525
276,1.121714410888571,1.1217135921537196,0.9238094065013114,0.01729188111356657,-0.00852771646601307,-0.021320175526127742,-0.009764579709270492,-0.01322680292147901
277,1.1247407316991176,1.1247401947867375,0.9243209805516368,0.017189659254498415,-0.004024687414471562,-0.01721549527845071,-0.013230491860841038,-0.0052923716533395245
278,1.1181607534311961,1.1181599491395624,0.9236164887051678,0.01707514591312918,-0.011722527382024586,-0.013066291685088303,-0.02165860761219391,-0.002381035233116459
279,1.116496522685078,1.1164958360899233,0.9251479312041505,0.016939009028295288,-0.006425949253962699,-0.021958763114681708,-0.011147163579536065,-0.004168506266517828
280,1.117453858674909,1.1174524066911542,0.9254542453424536,0.016951180870794374,-0.01563174908645563,-0.030775070534540698,-0.013048931579391507,-0.008286935417580257
281,1.1176424233302018,1.1176416427994602,0.9217817771743387,0.01705916167881597,-0.013021916555603752,-0.020746802832821522,-0.012539073153314614,0.001273507505627947
282,1.1172006079204315,1.1172001240462037,0.9226958780281214,0.016911162475974694,-0.013770506151558285,-0.014418178940807835,-0.007952983584122908,-0.0011538313088911517
283,1.1184360053454772,1.1184339334296287,0.9211974164298298,0.01704139484882558,-0.01642863116489705,-0.03425892128085905,-0.02453500775420353,-0.002119471845843487
284,1.1194480048380127,1.119446506913527,0.9266704458610195,0.017015302452833846,-0.017750526052119086,-0.029464594208687248,-0.01576954711990178,-0.006634662068142451
285,1.124544805891972,1.12454381402667,0.9244123318723868,0.017524822622775594,-0.012336963466615544,-0.024690849226943708,-0.014412262243394518,0.0004784120268952942
286,1.121433994266876,1.1214328291767899,0.9255070677947232,0.017150924779564487,-0.009573131892504421,-0.024693317219425363,-0.0209630953477552,-0.0014368359967066623
287,1.122979335862381,1.1229783372723192,0.924890520597307,0.01723925977343177,-0.016367761857030493,-0.014726825444596815,-0.021715346546538023,-0.004471660684701632
288,1.1229567350547922,1.1229553095617342,0.9264359562131464,0.016723834867524465,-0.011436535009818612,-0.019660080222356532,-0.029607540991810555,0.0030382001444340004
289,1.1217453803186903,1.1217444880587808,0.9252278279312862,0.01707267336815963,-0.011999561959181884,-0.019918541529102017,-0.01779831823777971,0.003508457735289696
290,1.118898141315626,1.118896683381824,0.9221469003474908,0.016660867640761835,-0.016597059044017235,-0.022117878726507636,-0.025491306736552678,0.004575971932428852
291,1.1194175791916199,1.1194161143642094,0.9227763776722961,0.017399434663968726,-0.020341760565083918,-0.023210679252000033,-0.02190342593498438,0.0031504979264456523
292,1.1200009578340044,1.1200002983945978,0.9274982999882565,0.01708223532232471,-0.013239684230072726,-0.015885033505927987,-0.014392812387551942,0.0013962203941828809
293,1.1223825862084813,1.1223820204288264,0.9242749610874722,0.0172237434538655,-0.014472615496846213,-0.010952383162747187,-0.01458117649390555,-0.0009742789778486695
294,1.124815109077835,1.124813920764104,0.9252754831033764,0.016843032730245865,-0.01873378460652456,-0.026163429968712158,-0.008037377617552048,0.008082717172594964
295,1.1277865857070828,1.1277861928618316,0.9227775140190182,0.017188116264169006,-0.012062586074480425,-0.013593960197163815,-0.00603750475851003,-0.001758281092220026
296,1.12730337208535,1.127302925935311,0.9234875750689269,0.017092580211185277,-0.004073299629045834,-0.019488012018629295,-0.00026188944186438337,0.005158541329662881
297,1.1273644858864313,1.1273637279853734,0.9225807231843598,0.01691427320501658,-0.0049330551324398095,-0.019442323841047358,-0.015549872799270635,0.009516858194289678
298,1.126393278262236,1.1263923417009083,0.9229384030318395,0.016726786677809642,-0.009783609671451112,-0.021812565689336566,-0.011970204391171971,0.01408821261145864
299,1.1254318185717542,1.12543103885192,0.9212301610082001,0.01731862754786285,-0.0025134443257604742,-0.024159070450476293,-0.012067045634692505,0.004553865457568074
300,1.1240103591264057,1.1240096185538426,0.9218231180308979,0.01703468724177451,0.002654025786114744,-0.02211503110509858,-0.0032711619007669696,0.014500384300934532
